{
  "images" : [
    {
      "filename" : "beautiful-girl-standing-boat-looking-mountains-ratchaprapha-dam-khao-sok-national-park-surat-thani-province-thailand (1).jpg",
      "idiom" : "universal",
      "scale" : "1x"
    },
    {
      "filename" : "beautiful-girl-standing-boat-looking-mountains-ratchaprapha-dam-khao-sok-national-park-surat-thani-province-thailand (1) 1.jpg",
      "idiom" : "universal",
      "scale" : "2x"
    },
    {
      "filename" : "beautiful-girl-standing-boat-looking-mountains-ratchaprapha-dam-khao-sok-national-park-surat-thani-province-thailand (1) 2.jpg",
      "idiom" : "universal",
      "scale" : "3x"
    }
  ],
  "info" : {
    "author" : "xcode",
    "version" : 1
  }
}
